,Sender Address,Receiver Address,Transaction Type,Transaction note,Transaction block,Transaction Amount,Asset Id
419,HLUHD6V3CDMAPKPKY34ML3BQUZ4IPSKLCCAJIP26FBPCW5AJMFS554UAVE,583357499,appl,NA,20000005,NA,583357499
420,HLUHD6V3CDMAPKPKY34ML3BQUZ4IPSKLCCAJIP26FBPCW5AJMFS554UAVE,HEKOXJY6NXPXDINQSMGX7557YABE2MWFN66CIEG3ZKAUFGNP6JSPXG7VYE,axfer,NA,20000005,5221389811,226701642
421,HLUHD6V3CDMAPKPKY34ML3BQUZ4IPSKLCCAJIP26FBPCW5AJMFS554UAVE,583357499,appl,NA,20000005,NA,583357499
931,3HYCKD7HGPMS67B7ADFHJ2STUZX6VSS25M3W7YLPDKRCTDC62YGGIHZSR4,583357499,appl,NA,20000012,NA,583357499
932,3HYCKD7HGPMS67B7ADFHJ2STUZX6VSS25M3W7YLPDKRCTDC62YGGIHZSR4,583357499,appl,NA,20000012,NA,583357499
1237,4NKLMAG64GIBSJCICG5QO3GZOKX6S6OQWADIETIHOSIFCNA2OKIEDVKXQQ,583357499,appl,NA,20000015,NA,583357499
1238,4NKLMAG64GIBSJCICG5QO3GZOKX6S6OQWADIETIHOSIFCNA2OKIEDVKXQQ,HEKOXJY6NXPXDINQSMGX7557YABE2MWFN66CIEG3ZKAUFGNP6JSPXG7VYE,axfer,NA,20000015,3000000000000,226701642
1239,4NKLMAG64GIBSJCICG5QO3GZOKX6S6OQWADIETIHOSIFCNA2OKIEDVKXQQ,583357499,appl,NA,20000015,NA,583357499
1708,HXTZXV37BSDOLDRHTDJTNYNCRZIOYQBVOUXQB3PBBTUQH3HKF7YM7IQGEU,583357499,appl,NA,20000020,NA,583357499
1709,HXTZXV37BSDOLDRHTDJTNYNCRZIOYQBVOUXQB3PBBTUQH3HKF7YM7IQGEU,583357499,appl,NA,20000020,NA,583357499
2243,BXRZKSUMDGWKJQCHACPQ3KWLZ4K34JWRVRS652CVVRW57MI4FHSBX4UOYU,583357499,appl,NA,20000027,NA,583357499
2244,BXRZKSUMDGWKJQCHACPQ3KWLZ4K34JWRVRS652CVVRW57MI4FHSBX4UOYU,583357499,appl,NA,20000027,NA,583357499
2549,I45DWATJVLG3WESFMRJ7QVF7DBXHEOJJFD2ESQRCPPEX47GGFM5QUAWIII,583357499,appl,NA,20000031,NA,583357499
2550,I45DWATJVLG3WESFMRJ7QVF7DBXHEOJJFD2ESQRCPPEX47GGFM5QUAWIII,583357499,appl,NA,20000031,NA,583357499
2719,HXTZXV37BSDOLDRHTDJTNYNCRZIOYQBVOUXQB3PBBTUQH3HKF7YM7IQGEU,583357499,appl,NA,20000033,NA,583357499
2720,HXTZXV37BSDOLDRHTDJTNYNCRZIOYQBVOUXQB3PBBTUQH3HKF7YM7IQGEU,583357499,appl,NA,20000033,NA,583357499
2759,OTE3IX4BSHQJ5Y56Y6CY6JQEEFYCMUQEGLL6FLBC2UGSSNI4Z6FO2QBWH4,583357499,appl,NA,20000034,NA,583357499
2760,OTE3IX4BSHQJ5Y56Y6CY6JQEEFYCMUQEGLL6FLBC2UGSSNI4Z6FO2QBWH4,583357499,appl,NA,20000034,NA,583357499
3035,5TCLYULQZTCB2L46XSQO5SJHLU7VOERJG5B2J63RKI6GGM2Z4XLJSZWSJ4,583357499,appl,NA,20000037,NA,583357499
3036,5TCLYULQZTCB2L46XSQO5SJHLU7VOERJG5B2J63RKI6GGM2Z4XLJSZWSJ4,583357499,appl,NA,20000037,NA,583357499
3306,H76JXSAJL7N7VODW6MQH5QJD3VR6MKTTSTWS4HBJR4MTB4SJ67DEHFWQEY,583357499,appl,NA,20000040,NA,583357499
3307,H76JXSAJL7N7VODW6MQH5QJD3VR6MKTTSTWS4HBJR4MTB4SJ67DEHFWQEY,583357499,appl,NA,20000040,NA,583357499
3569,RBLQ4SSLUVUEVNI5I4VQRCIZR73B35N4S53GQGETHOO2RLRMQOSMOPUPQ4,583357499,appl,NA,20000043,NA,583357499
3570,RBLQ4SSLUVUEVNI5I4VQRCIZR73B35N4S53GQGETHOO2RLRMQOSMOPUPQ4,583357499,appl,NA,20000043,NA,583357499
3825,2776OVJUVSKPHLGTWOLBPUHWAM2IKB2OVPE35JKOHC6DMUE63RWRWD4T6Q,583357499,appl,NA,20000046,NA,583357499
3826,2776OVJUVSKPHLGTWOLBPUHWAM2IKB2OVPE35JKOHC6DMUE63RWRWD4T6Q,583357499,appl,NA,20000046,NA,583357499
3893,UD3QW3DFEVEA5GQ7Q4JUUW3YZXWVAMEZPLWCLYAB65TZZSDH6GGHZW6IEM,583357499,appl,NA,20000046,NA,583357499
3894,UD3QW3DFEVEA5GQ7Q4JUUW3YZXWVAMEZPLWCLYAB65TZZSDH6GGHZW6IEM,583357499,appl,NA,20000046,NA,583357499
3975,CXMAB24C73RIXLMNLS33T5EMV4WVWF6BKFVE2GCDRM4QX4RHWUBZ5S5ICE,583357499,appl,NA,20000047,NA,583357499
3976,CXMAB24C73RIXLMNLS33T5EMV4WVWF6BKFVE2GCDRM4QX4RHWUBZ5S5ICE,583357499,appl,NA,20000047,NA,583357499
4191,RCZN3DGJKIWXBXW4ZL4ANKARALUEQFOQWJYGOBMNDO2JVMHIGNRJNDYSII,583357499,appl,NA,20000050,NA,583357499
4192,RCZN3DGJKIWXBXW4ZL4ANKARALUEQFOQWJYGOBMNDO2JVMHIGNRJNDYSII,583357499,appl,NA,20000050,NA,583357499
4299,2776OVJUVSKPHLGTWOLBPUHWAM2IKB2OVPE35JKOHC6DMUE63RWRWD4T6Q,583357499,appl,NA,20000050,NA,583357499
4300,2776OVJUVSKPHLGTWOLBPUHWAM2IKB2OVPE35JKOHC6DMUE63RWRWD4T6Q,583357499,appl,NA,20000050,NA,583357499
4330,V2CJB7FQDVLBDIN6RCYDRKP63VXRIUKPS75UVLYLM7R4UZZSBPXNO4AOOU,583357499,appl,NA,20000051,NA,583357499
4331,V2CJB7FQDVLBDIN6RCYDRKP63VXRIUKPS75UVLYLM7R4UZZSBPXNO4AOOU,583357499,appl,NA,20000051,NA,583357499
4611,4FSYHEPWVJQ4AMRJE57IWIXJKRT4Y2DTVBLX6GMFUTVTQ4Y65HZET3QWTQ,583357499,appl,NA,20000055,NA,583357499
4612,4FSYHEPWVJQ4AMRJE57IWIXJKRT4Y2DTVBLX6GMFUTVTQ4Y65HZET3QWTQ,583357499,appl,NA,20000055,NA,583357499
4791,LYVNWGKXNG6DQ4EO2U2SFCBI6ZP2M36IXMSGKLOWYTOU3AONWSY5EI4TPY,583357499,appl,NA,20000056,NA,583357499
4792,LYVNWGKXNG6DQ4EO2U2SFCBI6ZP2M36IXMSGKLOWYTOU3AONWSY5EI4TPY,583357499,appl,NA,20000056,NA,583357499
4797,XUIWZFAFUMKD7ILTWKBCTXT5ZQVX3F3EFRUREVHDWL7LFZ27QW6YDLXQOY,583357499,appl,NA,20000056,NA,583357499
4798,XUIWZFAFUMKD7ILTWKBCTXT5ZQVX3F3EFRUREVHDWL7LFZ27QW6YDLXQOY,583357499,appl,NA,20000056,NA,583357499
4965,25OGWWVLZXETMK4ODEHVEUAH2O64KDNO4ST5BDPLIWZIVDFIM36UY4WL6Q,583357499,appl,NA,20000058,NA,583357499
4966,25OGWWVLZXETMK4ODEHVEUAH2O64KDNO4ST5BDPLIWZIVDFIM36UY4WL6Q,583357499,appl,NA,20000058,NA,583357499
5244,G7P4JAYGTT3CBSL7BIZXDTODVEFQINEHPHYEY6QS5HOQOCVKOPTZVQNCF4,583357499,appl,NA,20000061,NA,583357499
5245,G7P4JAYGTT3CBSL7BIZXDTODVEFQINEHPHYEY6QS5HOQOCVKOPTZVQNCF4,583357499,appl,NA,20000061,NA,583357499
5311,V2CJB7FQDVLBDIN6RCYDRKP63VXRIUKPS75UVLYLM7R4UZZSBPXNO4AOOU,583357499,appl,NA,20000062,NA,583357499
5312,V2CJB7FQDVLBDIN6RCYDRKP63VXRIUKPS75UVLYLM7R4UZZSBPXNO4AOOU,583357499,appl,NA,20000062,NA,583357499
5417,XV2Y4ZINEALA3MWIXCHX5JKDVV25T7UQT3VUUFQWG2QP64YB7L7ZMCTAA4,583357499,appl,NA,20000063,NA,583357499
5418,XV2Y4ZINEALA3MWIXCHX5JKDVV25T7UQT3VUUFQWG2QP64YB7L7ZMCTAA4,583357499,appl,NA,20000063,NA,583357499
5538,2YSEPBW4XCFASZSKJQNIYLVOS64QWSZV5WNIP5SHNCKX3VO7C5I35KNSL4,583357499,appl,NA,20000064,NA,583357499
5539,2YSEPBW4XCFASZSKJQNIYLVOS64QWSZV5WNIP5SHNCKX3VO7C5I35KNSL4,583357499,appl,NA,20000064,NA,583357499
6622,BXRZKSUMDGWKJQCHACPQ3KWLZ4K34JWRVRS652CVVRW57MI4FHSBX4UOYU,583357499,appl,NA,20000078,NA,583357499
6623,BXRZKSUMDGWKJQCHACPQ3KWLZ4K34JWRVRS652CVVRW57MI4FHSBX4UOYU,583357499,appl,NA,20000078,NA,583357499
6776,XUIWZFAFUMKD7ILTWKBCTXT5ZQVX3F3EFRUREVHDWL7LFZ27QW6YDLXQOY,583357499,appl,NA,20000080,NA,583357499
6777,XUIWZFAFUMKD7ILTWKBCTXT5ZQVX3F3EFRUREVHDWL7LFZ27QW6YDLXQOY,583357499,appl,NA,20000080,NA,583357499
7035,V4QMSL2W4OYVAMHGMAEUXX6ZI5TSDWQ5WRQ3GIYDJKSNZV4U33FXUWBKBM,583357499,appl,NA,20000083,NA,583357499
7036,V4QMSL2W4OYVAMHGMAEUXX6ZI5TSDWQ5WRQ3GIYDJKSNZV4U33FXUWBKBM,583357499,appl,NA,20000083,NA,583357499
7049,7CVL5KHF7JZINXHOVCXPURUXC6HWR4YUMJ6RFYPPRUXKITPZ7SANRLHNAQ,583357499,appl,NA,20000083,NA,583357499
7050,7CVL5KHF7JZINXHOVCXPURUXC6HWR4YUMJ6RFYPPRUXKITPZ7SANRLHNAQ,583357499,appl,NA,20000083,NA,583357499
7405,VIQJDFDSH5P25PMBPWRNDG3HB3AMV23PASB7M7Q2RVJOXRUGYMTJJRVDSE,583357499,appl,NA,20000087,NA,583357499
7406,VIQJDFDSH5P25PMBPWRNDG3HB3AMV23PASB7M7Q2RVJOXRUGYMTJJRVDSE,583357499,appl,NA,20000087,NA,583357499
7443,HLUHD6V3CDMAPKPKY34ML3BQUZ4IPSKLCCAJIP26FBPCW5AJMFS554UAVE,583357499,appl,NA,20000087,NA,583357499
7444,HLUHD6V3CDMAPKPKY34ML3BQUZ4IPSKLCCAJIP26FBPCW5AJMFS554UAVE,HEKOXJY6NXPXDINQSMGX7557YABE2MWFN66CIEG3ZKAUFGNP6JSPXG7VYE,axfer,NA,20000087,4890902793,226701642
7445,HLUHD6V3CDMAPKPKY34ML3BQUZ4IPSKLCCAJIP26FBPCW5AJMFS554UAVE,583357499,appl,NA,20000087,NA,583357499
8284,HLUHD6V3CDMAPKPKY34ML3BQUZ4IPSKLCCAJIP26FBPCW5AJMFS554UAVE,583357499,appl,NA,20000095,NA,583357499
8285,HLUHD6V3CDMAPKPKY34ML3BQUZ4IPSKLCCAJIP26FBPCW5AJMFS554UAVE,583357499,appl,NA,20000095,NA,583357499
8435,CO5XFTR3HLWAK3TSJKIIIIY2LE5TGNOJU5D46T4TE654TNCRORO2EZBSPQ,583357499,appl,NA,20000097,NA,583357499
8436,CO5XFTR3HLWAK3TSJKIIIIY2LE5TGNOJU5D46T4TE654TNCRORO2EZBSPQ,583357499,appl,NA,20000097,NA,583357499
8600,OEUYAJ2NINFONFC2DFK4FF2NBHSM3J26FADC5K5SNJ5WT5AFCGB5PWGHMU,583357499,appl,NA,20000099,NA,583357499
8601,OEUYAJ2NINFONFC2DFK4FF2NBHSM3J26FADC5K5SNJ5WT5AFCGB5PWGHMU,583357499,appl,NA,20000099,NA,583357499
8685,NLVODUYDGE4DGPWWWXOC4374CJHO46IQJFW37VCGXA56QFIRA3KHLOKN4I,583357499,appl,NA,20000100,NA,583357499
8686,NLVODUYDGE4DGPWWWXOC4374CJHO46IQJFW37VCGXA56QFIRA3KHLOKN4I,583357499,appl,NA,20000100,NA,583357499
8781,3BAG6BQ63T34YM3BK266GVXIQIZEN2YXTVHMPFFLC3NRKK5P4KSO623W4Y,583357499,appl,NA,20000101,NA,583357499
8782,3BAG6BQ63T34YM3BK266GVXIQIZEN2YXTVHMPFFLC3NRKK5P4KSO623W4Y,583357499,appl,NA,20000101,NA,583357499
8791,CO5XFTR3HLWAK3TSJKIIIIY2LE5TGNOJU5D46T4TE654TNCRORO2EZBSPQ,583357499,appl,NA,20000101,NA,583357499
8792,CO5XFTR3HLWAK3TSJKIIIIY2LE5TGNOJU5D46T4TE654TNCRORO2EZBSPQ,583357499,appl,NA,20000101,NA,583357499
8801,726VOOMJAMXFUKBCNTGTVPERPS5NC5MUAHQMRH3GYPS4DYYFVPITRU5PDY,583357499,appl,NA,20000101,NA,583357499
8802,726VOOMJAMXFUKBCNTGTVPERPS5NC5MUAHQMRH3GYPS4DYYFVPITRU5PDY,583357499,appl,NA,20000101,NA,583357499
8904,V4QMSL2W4OYVAMHGMAEUXX6ZI5TSDWQ5WRQ3GIYDJKSNZV4U33FXUWBKBM,583357499,appl,NA,20000102,NA,583357499
8905,V4QMSL2W4OYVAMHGMAEUXX6ZI5TSDWQ5WRQ3GIYDJKSNZV4U33FXUWBKBM,HEKOXJY6NXPXDINQSMGX7557YABE2MWFN66CIEG3ZKAUFGNP6JSPXG7VYE,axfer,NA,20000102,4131000000,226701642
8906,V4QMSL2W4OYVAMHGMAEUXX6ZI5TSDWQ5WRQ3GIYDJKSNZV4U33FXUWBKBM,583357499,appl,NA,20000102,NA,583357499
9010,Y2SLC6NBZN5JJ4FD75A4DMI2XHEOUBVHZTR5RW4ETEVOYHNV7ETONG2UF4,583357499,appl,NA,20000103,NA,583357499
9011,Y2SLC6NBZN5JJ4FD75A4DMI2XHEOUBVHZTR5RW4ETEVOYHNV7ETONG2UF4,583357499,appl,NA,20000103,NA,583357499
9505,MSYSIQFZVBTPNQI2VIXCXWRLPJGGHYFBIQLASF4RZJ7O6HI2GIMVOEPMI4,583357499,appl,NA,20000107,NA,583357499
9506,MSYSIQFZVBTPNQI2VIXCXWRLPJGGHYFBIQLASF4RZJ7O6HI2GIMVOEPMI4,583357499,appl,NA,20000107,NA,583357499
9680,HXB55BAEBM2YYZMVXJYZVGBWPG5DREJSZOQV36F6XAYCPRUI36NB4FPCJI,583357499,appl,NA,20000109,NA,583357499
9681,HXB55BAEBM2YYZMVXJYZVGBWPG5DREJSZOQV36F6XAYCPRUI36NB4FPCJI,583357499,appl,NA,20000109,NA,583357499
10696,5TCLYULQZTCB2L46XSQO5SJHLU7VOERJG5B2J63RKI6GGM2Z4XLJSZWSJ4,583357499,appl,NA,20000118,NA,583357499
10697,5TCLYULQZTCB2L46XSQO5SJHLU7VOERJG5B2J63RKI6GGM2Z4XLJSZWSJ4,HEKOXJY6NXPXDINQSMGX7557YABE2MWFN66CIEG3ZKAUFGNP6JSPXG7VYE,axfer,NA,20000118,4653245067,226701642
10698,5TCLYULQZTCB2L46XSQO5SJHLU7VOERJG5B2J63RKI6GGM2Z4XLJSZWSJ4,583357499,appl,NA,20000118,NA,583357499
10832,6V6B37KBR5AYX4MOZWABFVICSIJWT2U2Q7WCIBPEEW5HZMPFIJMVW5PADY,583357499,appl,NA,20000120,NA,583357499
10833,6V6B37KBR5AYX4MOZWABFVICSIJWT2U2Q7WCIBPEEW5HZMPFIJMVW5PADY,583357499,appl,NA,20000120,NA,583357499
11009,VIQJDFDSH5P25PMBPWRNDG3HB3AMV23PASB7M7Q2RVJOXRUGYMTJJRVDSE,583357499,appl,NA,20000122,NA,583357499
11010,VIQJDFDSH5P25PMBPWRNDG3HB3AMV23PASB7M7Q2RVJOXRUGYMTJJRVDSE,583357499,appl,NA,20000122,NA,583357499
11547,AQKAPBP7N3BKQDXAVRSMMG5DLFE3N6IS2BEOI5U3BDCCFOUGNFPUCYWQWM,583357499,appl,NA,20000127,NA,583357499
11548,AQKAPBP7N3BKQDXAVRSMMG5DLFE3N6IS2BEOI5U3BDCCFOUGNFPUCYWQWM,583357499,appl,NA,20000127,NA,583357499
11730,L3LV35JHBHKJTHHJFUUC73RSO2G67RYG7PTA2DANOQV74OZULVE7URHB2E,583357499,appl,NA,20000129,NA,583357499
11731,L3LV35JHBHKJTHHJFUUC73RSO2G67RYG7PTA2DANOQV74OZULVE7URHB2E,583357499,appl,NA,20000129,NA,583357499
11737,JRUUHOGI4TZTM6OLDJGSJFULL2MC6Y7AUC5NQW35DAWJB243OLNKZQMOY4,583357499,appl,NA,20000129,NA,583357499
11738,JRUUHOGI4TZTM6OLDJGSJFULL2MC6Y7AUC5NQW35DAWJB243OLNKZQMOY4,583357499,appl,NA,20000129,NA,583357499
12122,AQKAPBP7N3BKQDXAVRSMMG5DLFE3N6IS2BEOI5U3BDCCFOUGNFPUCYWQWM,583357499,appl,NA,20000133,NA,583357499
12123,AQKAPBP7N3BKQDXAVRSMMG5DLFE3N6IS2BEOI5U3BDCCFOUGNFPUCYWQWM,583357499,appl,NA,20000133,NA,583357499
12192,LQGT7AVXB67KYIJBV4R4G2E76OBSSPABZDSSAOCKA5IIIHIQ2A6HGKQDRE,583357499,appl,NA,20000134,NA,583357499
12193,LQGT7AVXB67KYIJBV4R4G2E76OBSSPABZDSSAOCKA5IIIHIQ2A6HGKQDRE,583357499,appl,NA,20000134,NA,583357499
12496,NLVODUYDGE4DGPWWWXOC4374CJHO46IQJFW37VCGXA56QFIRA3KHLOKN4I,583357499,appl,NA,20000137,NA,583357499
12497,NLVODUYDGE4DGPWWWXOC4374CJHO46IQJFW37VCGXA56QFIRA3KHLOKN4I,583357499,appl,NA,20000137,NA,583357499
12727,TD3TES5V4VWFXOCY75WRH7D4HXWFD64M663K6S2CFLF434GREWLR7S56RI,583357499,appl,NA,20000140,NA,583357499
12728,TD3TES5V4VWFXOCY75WRH7D4HXWFD64M663K6S2CFLF434GREWLR7S56RI,583357499,appl,NA,20000140,NA,583357499
12923,6HRQ5RVUV76FQ2Z43FLK5T3YP6ZP32WPVL3B2MZ5BNHR6KW4ZRA7GM5UZQ,583357499,appl,NA,20000143,NA,583357499
12924,6HRQ5RVUV76FQ2Z43FLK5T3YP6ZP32WPVL3B2MZ5BNHR6KW4ZRA7GM5UZQ,583357499,appl,NA,20000143,NA,583357499
12948,PTQSDX4NLLRWWQ7D6S763UZ2NB5FTZ5JJ2PCFKDIQPEQK6KIWQVM2D7HUI,583357499,appl,NA,20000143,NA,583357499
12949,PTQSDX4NLLRWWQ7D6S763UZ2NB5FTZ5JJ2PCFKDIQPEQK6KIWQVM2D7HUI,583357499,appl,NA,20000143,NA,583357499
13244,6HRQ5RVUV76FQ2Z43FLK5T3YP6ZP32WPVL3B2MZ5BNHR6KW4ZRA7GM5UZQ,583357499,appl,NA,20000146,NA,583357499
13245,6HRQ5RVUV76FQ2Z43FLK5T3YP6ZP32WPVL3B2MZ5BNHR6KW4ZRA7GM5UZQ,583357499,appl,NA,20000146,NA,583357499
13572,74KJCDFTGDQCV3XQ2EWIZKNBASKA6SZCKIWIWEGIZPTWNPCHQIIVMZADJI,583357499,appl,NA,20000150,NA,583357499
13573,74KJCDFTGDQCV3XQ2EWIZKNBASKA6SZCKIWIWEGIZPTWNPCHQIIVMZADJI,583357499,appl,NA,20000150,NA,583357499
13851,GZYYDTSF676TQB6O4EP54TXXB3VR44RE6YNRHANWYIMRTXAUY7UO72MJSE,583357499,appl,NA,20000154,NA,583357499
13852,GZYYDTSF676TQB6O4EP54TXXB3VR44RE6YNRHANWYIMRTXAUY7UO72MJSE,583357499,appl,NA,20000154,NA,583357499
14100,HPDUZJRV4JTJDHKNM4PFDZP6WLKCDZLKKGLQPLEUMLJYGPS56VEOCGQN34,583357499,appl,NA,20000156,NA,583357499
14101,HPDUZJRV4JTJDHKNM4PFDZP6WLKCDZLKKGLQPLEUMLJYGPS56VEOCGQN34,583357499,appl,NA,20000156,NA,583357499
14113,74KJCDFTGDQCV3XQ2EWIZKNBASKA6SZCKIWIWEGIZPTWNPCHQIIVMZADJI,583357499,appl,NA,20000157,NA,583357499
14114,74KJCDFTGDQCV3XQ2EWIZKNBASKA6SZCKIWIWEGIZPTWNPCHQIIVMZADJI,583357499,appl,NA,20000157,NA,583357499
14426,JV5JALYFFZJTFCJ3XPWLR4M3CPTCX46ZZ53WPZZPBTAWJM4NPQBBZN2VYQ,583357499,appl,NA,20000160,NA,583357499
14427,JV5JALYFFZJTFCJ3XPWLR4M3CPTCX46ZZ53WPZZPBTAWJM4NPQBBZN2VYQ,583357499,appl,NA,20000160,NA,583357499
14730,P5V7LBCUWY5SXY2U6KIRCJTZGDRIEPNUOWLDMCVEOJCS3YYAPFNATHGDIU,583357499,appl,NA,20000163,NA,583357499
14731,P5V7LBCUWY5SXY2U6KIRCJTZGDRIEPNUOWLDMCVEOJCS3YYAPFNATHGDIU,583357499,appl,NA,20000163,NA,583357499
15023,JV5JALYFFZJTFCJ3XPWLR4M3CPTCX46ZZ53WPZZPBTAWJM4NPQBBZN2VYQ,583357499,appl,NA,20000166,NA,583357499
15024,JV5JALYFFZJTFCJ3XPWLR4M3CPTCX46ZZ53WPZZPBTAWJM4NPQBBZN2VYQ,583357499,appl,NA,20000166,NA,583357499
15242,AIAWGRO67RM4XHNI6G7CLPPRNPMZOMGQXMRS6OJRLMMFNSDPYDUXCX7M64,583357499,appl,NA,20000168,NA,583357499
15243,AIAWGRO67RM4XHNI6G7CLPPRNPMZOMGQXMRS6OJRLMMFNSDPYDUXCX7M64,583357499,appl,NA,20000168,NA,583357499
15347,LQKTDS55B5A6ZHPVYBCSCUL2P5V7GMMWJDYOIUYQX4K7XNQQLGDSHBHPKA,583357499,appl,NA,20000170,NA,583357499
15348,LQKTDS55B5A6ZHPVYBCSCUL2P5V7GMMWJDYOIUYQX4K7XNQQLGDSHBHPKA,583357499,appl,NA,20000170,NA,583357499
15418,P7OK63DQ6XMJUQLPLWSHOIFJELIFTSXDXNBACGFOELAPEBZDSYD25CBCEY,583357499,appl,NA,20000171,NA,583357499
15419,P7OK63DQ6XMJUQLPLWSHOIFJELIFTSXDXNBACGFOELAPEBZDSYD25CBCEY,583357499,appl,NA,20000171,NA,583357499
15531,V4QMSL2W4OYVAMHGMAEUXX6ZI5TSDWQ5WRQ3GIYDJKSNZV4U33FXUWBKBM,583357499,appl,NA,20000172,NA,583357499
15532,V4QMSL2W4OYVAMHGMAEUXX6ZI5TSDWQ5WRQ3GIYDJKSNZV4U33FXUWBKBM,583357499,appl,NA,20000172,NA,583357499
15597,GZYYDTSF676TQB6O4EP54TXXB3VR44RE6YNRHANWYIMRTXAUY7UO72MJSE,583357499,appl,NA,20000173,NA,583357499
15598,GZYYDTSF676TQB6O4EP54TXXB3VR44RE6YNRHANWYIMRTXAUY7UO72MJSE,583357499,appl,NA,20000173,NA,583357499
15704,LQKTDS55B5A6ZHPVYBCSCUL2P5V7GMMWJDYOIUYQX4K7XNQQLGDSHBHPKA,583357499,appl,NA,20000174,NA,583357499
15705,LQKTDS55B5A6ZHPVYBCSCUL2P5V7GMMWJDYOIUYQX4K7XNQQLGDSHBHPKA,583357499,appl,NA,20000174,NA,583357499
15893,SE2J3C5VHLLTLZTHANZO4JNIM7ZBJLMRKFYRP2ICDZR23A5OVF5Q2UQYVA,583357499,appl,NA,20000177,NA,583357499
15894,SE2J3C5VHLLTLZTHANZO4JNIM7ZBJLMRKFYRP2ICDZR23A5OVF5Q2UQYVA,583357499,appl,NA,20000177,NA,583357499
15948,OHBZ6HRQZ2SMW3N4JIWHOIHQRKFTTDHMEEBMBYCZHX47QIEMJ74D2YABQ4,583357499,appl,NA,20000177,NA,583357499
15949,OHBZ6HRQZ2SMW3N4JIWHOIHQRKFTTDHMEEBMBYCZHX47QIEMJ74D2YABQ4,583357499,appl,NA,20000177,NA,583357499
16270,AV3JI6TTNJVU63UKVHZX2ITPUX6FYSI2JYZSCXW4KVX6LOFWYVCKEYQ2XQ,583357499,appl,NA,20000181,NA,583357499
16271,AV3JI6TTNJVU63UKVHZX2ITPUX6FYSI2JYZSCXW4KVX6LOFWYVCKEYQ2XQ,583357499,appl,NA,20000181,NA,583357499
16604,OA6T3DU3U3YRBPHQAOYAXBTUNSMEWHKSPZCRT2BCXWHDYZURNEO5UDX76M,583357499,appl,NA,20000185,NA,583357499
16605,OA6T3DU3U3YRBPHQAOYAXBTUNSMEWHKSPZCRT2BCXWHDYZURNEO5UDX76M,583357499,appl,NA,20000185,NA,583357499
16682,SE2J3C5VHLLTLZTHANZO4JNIM7ZBJLMRKFYRP2ICDZR23A5OVF5Q2UQYVA,583357499,appl,NA,20000185,NA,583357499
16683,SE2J3C5VHLLTLZTHANZO4JNIM7ZBJLMRKFYRP2ICDZR23A5OVF5Q2UQYVA,583357499,appl,NA,20000185,NA,583357499
16804,LX7652SQQDAPLYALBK3LH6LVED6DCI2IDLDXG372GQ6P3PYG7G432VGW2A,583357499,appl,NA,20000187,NA,583357499
16805,LX7652SQQDAPLYALBK3LH6LVED6DCI2IDLDXG372GQ6P3PYG7G432VGW2A,583357499,appl,NA,20000187,NA,583357499
16908,H76JXSAJL7N7VODW6MQH5QJD3VR6MKTTSTWS4HBJR4MTB4SJ67DEHFWQEY,583357499,appl,NA,20000189,NA,583357499
16909,H76JXSAJL7N7VODW6MQH5QJD3VR6MKTTSTWS4HBJR4MTB4SJ67DEHFWQEY,583357499,appl,NA,20000189,NA,583357499
17507,SLEYXE5SWPPQXUL736BNFJIX5T77QXFQQ7V7TAAYXH3F6IPHYIZOZSQLYI,583357499,appl,NA,20000195,NA,583357499
17508,SLEYXE5SWPPQXUL736BNFJIX5T77QXFQQ7V7TAAYXH3F6IPHYIZOZSQLYI,583357499,appl,NA,20000195,NA,583357499
17682,LX7652SQQDAPLYALBK3LH6LVED6DCI2IDLDXG372GQ6P3PYG7G432VGW2A,583357499,appl,NA,20000197,NA,583357499
17683,LX7652SQQDAPLYALBK3LH6LVED6DCI2IDLDXG372GQ6P3PYG7G432VGW2A,583357499,appl,NA,20000197,NA,583357499
18348,TQVDXNDFJAWQ5FUDKSUP25J7UZDIFRUZUJDWTMNASL6EY4KZ37YQ5HAHM4,583357499,appl,NA,20000204,NA,583357499
18349,TQVDXNDFJAWQ5FUDKSUP25J7UZDIFRUZUJDWTMNASL6EY4KZ37YQ5HAHM4,583357499,appl,NA,20000204,NA,583357499
18549,4NKLMAG64GIBSJCICG5QO3GZOKX6S6OQWADIETIHOSIFCNA2OKIEDVKXQQ,583357499,appl,NA,20000206,NA,583357499
18550,4NKLMAG64GIBSJCICG5QO3GZOKX6S6OQWADIETIHOSIFCNA2OKIEDVKXQQ,583357499,appl,NA,20000206,NA,583357499
18673,JV46AX333IBFXUHG7GI57AQWDSRQBOR7K5HEJ4DIPWHUY7D3TB5F4PGIEQ,583357499,appl,NA,20000207,NA,583357499
18674,JV46AX333IBFXUHG7GI57AQWDSRQBOR7K5HEJ4DIPWHUY7D3TB5F4PGIEQ,583357499,appl,NA,20000207,NA,583357499
18773,DQTDE6UN6SXN4FO2UFQRAJ6B7CGFGXUVY3QAQXLGS5YMJNOIT4QNJ4EHYQ,583357499,appl,NA,20000208,NA,583357499
18774,DQTDE6UN6SXN4FO2UFQRAJ6B7CGFGXUVY3QAQXLGS5YMJNOIT4QNJ4EHYQ,583357499,appl,NA,20000208,NA,583357499
18823,4ATCFFM3N2M5464TNHXBS6UJVKMXOLDBTJOZSK34BFAYHVVVL2PBQBVAYY,583357499,appl,NA,20000209,NA,583357499
18824,4ATCFFM3N2M5464TNHXBS6UJVKMXOLDBTJOZSK34BFAYHVVVL2PBQBVAYY,583357499,appl,NA,20000209,NA,583357499
19029,ROSFNYCY6W6TATRFXQ4KWVTIBNYGNVEWUCJE7QBR3EAOWUOAAS4452TJOU,583357499,appl,NA,20000211,NA,583357499
19030,ROSFNYCY6W6TATRFXQ4KWVTIBNYGNVEWUCJE7QBR3EAOWUOAAS4452TJOU,583357499,appl,NA,20000211,NA,583357499
19318,MESBCL63QB4B7ZP6BAOIJGBEDOH642LOYY2NMNCLPOWYH5O2CP63OP5DSQ,583357499,appl,NA,20000214,NA,583357499
19319,MESBCL63QB4B7ZP6BAOIJGBEDOH642LOYY2NMNCLPOWYH5O2CP63OP5DSQ,583357499,appl,NA,20000214,NA,583357499
19544,OA6T3DU3U3YRBPHQAOYAXBTUNSMEWHKSPZCRT2BCXWHDYZURNEO5UDX76M,583357499,appl,NA,20000217,NA,583357499
19545,OA6T3DU3U3YRBPHQAOYAXBTUNSMEWHKSPZCRT2BCXWHDYZURNEO5UDX76M,583357499,appl,NA,20000217,NA,583357499
19868,ONI7XZZQB4HTCDYICGWG66ATH6ZBEGTXEMSNWCSQ2K3Z3HBNWKYKRQBFVQ,583357499,appl,NA,20000221,NA,583357499
19869,ONI7XZZQB4HTCDYICGWG66ATH6ZBEGTXEMSNWCSQ2K3Z3HBNWKYKRQBFVQ,583357499,appl,NA,20000221,NA,583357499
19935,7MEMI56FYMMAO6RVCFSPLI2GASAGOJMSTPNH53KCVFPKE6A5BNMY2VA3LQ,583357499,appl,NA,20000222,NA,583357499
19936,7MEMI56FYMMAO6RVCFSPLI2GASAGOJMSTPNH53KCVFPKE6A5BNMY2VA3LQ,583357499,appl,NA,20000222,NA,583357499
20308,3V6HX5KMSL4TFFGVZASOHW2647HSEGPUTRGEJEWYPKURMFK4AZJXNYIIU4,583357499,appl,NA,20000225,NA,583357499
20309,3V6HX5KMSL4TFFGVZASOHW2647HSEGPUTRGEJEWYPKURMFK4AZJXNYIIU4,583357499,appl,NA,20000225,NA,583357499
20312,ONI7XZZQB4HTCDYICGWG66ATH6ZBEGTXEMSNWCSQ2K3Z3HBNWKYKRQBFVQ,583357499,appl,NA,20000225,NA,583357499
20313,ONI7XZZQB4HTCDYICGWG66ATH6ZBEGTXEMSNWCSQ2K3Z3HBNWKYKRQBFVQ,583357499,appl,NA,20000225,NA,583357499
20679,HLUHD6V3CDMAPKPKY34ML3BQUZ4IPSKLCCAJIP26FBPCW5AJMFS554UAVE,583357499,appl,NA,20000230,NA,583357499
20680,HLUHD6V3CDMAPKPKY34ML3BQUZ4IPSKLCCAJIP26FBPCW5AJMFS554UAVE,583357499,appl,NA,20000230,NA,583357499
20877,MSYSIQFZVBTPNQI2VIXCXWRLPJGGHYFBIQLASF4RZJ7O6HI2GIMVOEPMI4,583357499,appl,NA,20000233,NA,583357499
20878,MSYSIQFZVBTPNQI2VIXCXWRLPJGGHYFBIQLASF4RZJ7O6HI2GIMVOEPMI4,583357499,appl,NA,20000233,NA,583357499
21532,QBEE2FAEDPITGPYV7DUKT76T374P5YJNFAQF3WINX63ZLMAOZUAKTKYRFQ,583357499,appl,NA,20000240,NA,583357499
21533,QBEE2FAEDPITGPYV7DUKT76T374P5YJNFAQF3WINX63ZLMAOZUAKTKYRFQ,583357499,appl,NA,20000240,NA,583357499
22073,QBEE2FAEDPITGPYV7DUKT76T374P5YJNFAQF3WINX63ZLMAOZUAKTKYRFQ,583357499,appl,NA,20000245,NA,583357499
22074,QBEE2FAEDPITGPYV7DUKT76T374P5YJNFAQF3WINX63ZLMAOZUAKTKYRFQ,583357499,appl,NA,20000245,NA,583357499
22250,6RR4N57HUZBS5ACWVNSK4J6XPSCRL4HGOQU4KO5RSVVB4QJ2SJ22PINASQ,583357499,appl,NA,20000247,NA,583357499
22251,6RR4N57HUZBS5ACWVNSK4J6XPSCRL4HGOQU4KO5RSVVB4QJ2SJ22PINASQ,583357499,appl,NA,20000247,NA,583357499
23525,4ATCFFM3N2M5464TNHXBS6UJVKMXOLDBTJOZSK34BFAYHVVVL2PBQBVAYY,583357499,appl,NA,20000262,NA,583357499
23526,4ATCFFM3N2M5464TNHXBS6UJVKMXOLDBTJOZSK34BFAYHVVVL2PBQBVAYY,583357499,appl,NA,20000262,NA,583357499
23715,7MEMI56FYMMAO6RVCFSPLI2GASAGOJMSTPNH53KCVFPKE6A5BNMY2VA3LQ,583357499,appl,NA,20000265,NA,583357499
23716,7MEMI56FYMMAO6RVCFSPLI2GASAGOJMSTPNH53KCVFPKE6A5BNMY2VA3LQ,583357499,appl,NA,20000265,NA,583357499
24825,FZY6WJCSNQKMZ3BWCT4U6DWFKAL5NMTD5AGR47VEIFO33JW6Z4AEGNWQ3I,583357499,appl,NA,20000277,NA,583357499
24826,FZY6WJCSNQKMZ3BWCT4U6DWFKAL5NMTD5AGR47VEIFO33JW6Z4AEGNWQ3I,583357499,appl,NA,20000277,NA,583357499
25214,7CVL5KHF7JZINXHOVCXPURUXC6HWR4YUMJ6RFYPPRUXKITPZ7SANRLHNAQ,583357499,appl,NA,20000280,NA,583357499
25215,7CVL5KHF7JZINXHOVCXPURUXC6HWR4YUMJ6RFYPPRUXKITPZ7SANRLHNAQ,HEKOXJY6NXPXDINQSMGX7557YABE2MWFN66CIEG3ZKAUFGNP6JSPXG7VYE,axfer,NA,20000280,1092776909660,226701642
25216,7CVL5KHF7JZINXHOVCXPURUXC6HWR4YUMJ6RFYPPRUXKITPZ7SANRLHNAQ,583357499,appl,NA,20000280,NA,583357499
25401,I3UOLEZ77NHZOYA5YMLV3FPD3AHRNQFLXKYQ3TATYOWLP5INFVOQLRQUVQ,583357499,appl,NA,20000282,NA,583357499
25402,I3UOLEZ77NHZOYA5YMLV3FPD3AHRNQFLXKYQ3TATYOWLP5INFVOQLRQUVQ,HEKOXJY6NXPXDINQSMGX7557YABE2MWFN66CIEG3ZKAUFGNP6JSPXG7VYE,axfer,NA,20000282,2000000000000,226701642
25403,I3UOLEZ77NHZOYA5YMLV3FPD3AHRNQFLXKYQ3TATYOWLP5INFVOQLRQUVQ,583357499,appl,NA,20000282,NA,583357499
25804,V4QMSL2W4OYVAMHGMAEUXX6ZI5TSDWQ5WRQ3GIYDJKSNZV4U33FXUWBKBM,583357499,appl,NA,20000285,NA,583357499
25805,V4QMSL2W4OYVAMHGMAEUXX6ZI5TSDWQ5WRQ3GIYDJKSNZV4U33FXUWBKBM,HEKOXJY6NXPXDINQSMGX7557YABE2MWFN66CIEG3ZKAUFGNP6JSPXG7VYE,axfer,NA,20000285,2317499000000,226701642
25806,V4QMSL2W4OYVAMHGMAEUXX6ZI5TSDWQ5WRQ3GIYDJKSNZV4U33FXUWBKBM,583357499,appl,NA,20000285,NA,583357499
26187,HSRGFN5Y6JA7SLX32NR2EZBXS65IHT4XHSYBNOVOZVKQIV5XQMUAZJN5P4,583357499,appl,NA,20000288,NA,583357499
26188,HSRGFN5Y6JA7SLX32NR2EZBXS65IHT4XHSYBNOVOZVKQIV5XQMUAZJN5P4,HEKOXJY6NXPXDINQSMGX7557YABE2MWFN66CIEG3ZKAUFGNP6JSPXG7VYE,axfer,NA,20000288,566430095230,226701642
26189,HSRGFN5Y6JA7SLX32NR2EZBXS65IHT4XHSYBNOVOZVKQIV5XQMUAZJN5P4,583357499,appl,NA,20000288,NA,583357499
26208,RJEFUW52CYIQL5AS2A2RVS3626RUAHBYEME5J24EC6DFNDYRTW7YDCZMFU,583357499,appl,NA,20000288,NA,583357499
26209,RJEFUW52CYIQL5AS2A2RVS3626RUAHBYEME5J24EC6DFNDYRTW7YDCZMFU,HEKOXJY6NXPXDINQSMGX7557YABE2MWFN66CIEG3ZKAUFGNP6JSPXG7VYE,axfer,NA,20000288,5266118700510,226701642
26210,RJEFUW52CYIQL5AS2A2RVS3626RUAHBYEME5J24EC6DFNDYRTW7YDCZMFU,583357499,appl,NA,20000288,NA,583357499
26267,MESBCL63QB4B7ZP6BAOIJGBEDOH642LOYY2NMNCLPOWYH5O2CP63OP5DSQ,583357499,appl,NA,20000289,NA,583357499
26268,MESBCL63QB4B7ZP6BAOIJGBEDOH642LOYY2NMNCLPOWYH5O2CP63OP5DSQ,HEKOXJY6NXPXDINQSMGX7557YABE2MWFN66CIEG3ZKAUFGNP6JSPXG7VYE,axfer,NA,20000289,326325129854,226701642
26269,MESBCL63QB4B7ZP6BAOIJGBEDOH642LOYY2NMNCLPOWYH5O2CP63OP5DSQ,583357499,appl,NA,20000289,NA,583357499
26270,EKDGV2WGSFYELMTN2HZRSO4VQ2UZNKDQSL32AYRFKHDBBLTVFJGUHNAPEA,583357499,appl,NA,20000289,NA,583357499
26271,EKDGV2WGSFYELMTN2HZRSO4VQ2UZNKDQSL32AYRFKHDBBLTVFJGUHNAPEA,HEKOXJY6NXPXDINQSMGX7557YABE2MWFN66CIEG3ZKAUFGNP6JSPXG7VYE,axfer,NA,20000289,80262303283,226701642
26272,EKDGV2WGSFYELMTN2HZRSO4VQ2UZNKDQSL32AYRFKHDBBLTVFJGUHNAPEA,583357499,appl,NA,20000289,NA,583357499
26306,4ATCFFM3N2M5464TNHXBS6UJVKMXOLDBTJOZSK34BFAYHVVVL2PBQBVAYY,583357499,appl,NA,20000289,NA,583357499
26307,4ATCFFM3N2M5464TNHXBS6UJVKMXOLDBTJOZSK34BFAYHVVVL2PBQBVAYY,HEKOXJY6NXPXDINQSMGX7557YABE2MWFN66CIEG3ZKAUFGNP6JSPXG7VYE,axfer,NA,20000289,4871224875699,226701642
26308,4ATCFFM3N2M5464TNHXBS6UJVKMXOLDBTJOZSK34BFAYHVVVL2PBQBVAYY,583357499,appl,NA,20000289,NA,583357499
26397,3V6HX5KMSL4TFFGVZASOHW2647HSEGPUTRGEJEWYPKURMFK4AZJXNYIIU4,583357499,appl,NA,20000290,NA,583357499
26398,3V6HX5KMSL4TFFGVZASOHW2647HSEGPUTRGEJEWYPKURMFK4AZJXNYIIU4,HEKOXJY6NXPXDINQSMGX7557YABE2MWFN66CIEG3ZKAUFGNP6JSPXG7VYE,axfer,NA,20000290,3656290667744,226701642
26399,3V6HX5KMSL4TFFGVZASOHW2647HSEGPUTRGEJEWYPKURMFK4AZJXNYIIU4,583357499,appl,NA,20000290,NA,583357499
26426,MSYSIQFZVBTPNQI2VIXCXWRLPJGGHYFBIQLASF4RZJ7O6HI2GIMVOEPMI4,583357499,appl,NA,20000290,NA,583357499
26427,MSYSIQFZVBTPNQI2VIXCXWRLPJGGHYFBIQLASF4RZJ7O6HI2GIMVOEPMI4,HEKOXJY6NXPXDINQSMGX7557YABE2MWFN66CIEG3ZKAUFGNP6JSPXG7VYE,axfer,NA,20000290,1632562009812,226701642
26428,MSYSIQFZVBTPNQI2VIXCXWRLPJGGHYFBIQLASF4RZJ7O6HI2GIMVOEPMI4,583357499,appl,NA,20000290,NA,583357499
26429,LYVNWGKXNG6DQ4EO2U2SFCBI6ZP2M36IXMSGKLOWYTOU3AONWSY5EI4TPY,583357499,appl,NA,20000290,NA,583357499
26430,LYVNWGKXNG6DQ4EO2U2SFCBI6ZP2M36IXMSGKLOWYTOU3AONWSY5EI4TPY,HEKOXJY6NXPXDINQSMGX7557YABE2MWFN66CIEG3ZKAUFGNP6JSPXG7VYE,axfer,NA,20000290,700498793708,226701642
26431,LYVNWGKXNG6DQ4EO2U2SFCBI6ZP2M36IXMSGKLOWYTOU3AONWSY5EI4TPY,583357499,appl,NA,20000290,NA,583357499
26597,NLRIBKJZEUCRLYZY72Z3GQW4ROJYCRZIOOABXDTZKFPLJGVBMFA3GZB5SE,583357499,appl,NA,20000292,NA,583357499
26598,NLRIBKJZEUCRLYZY72Z3GQW4ROJYCRZIOOABXDTZKFPLJGVBMFA3GZB5SE,HEKOXJY6NXPXDINQSMGX7557YABE2MWFN66CIEG3ZKAUFGNP6JSPXG7VYE,axfer,NA,20000292,2638345229066,226701642
26599,NLRIBKJZEUCRLYZY72Z3GQW4ROJYCRZIOOABXDTZKFPLJGVBMFA3GZB5SE,583357499,appl,NA,20000292,NA,583357499
26698,XUIWZFAFUMKD7ILTWKBCTXT5ZQVX3F3EFRUREVHDWL7LFZ27QW6YDLXQOY,583357499,appl,NA,20000292,NA,583357499
26699,XUIWZFAFUMKD7ILTWKBCTXT5ZQVX3F3EFRUREVHDWL7LFZ27QW6YDLXQOY,HEKOXJY6NXPXDINQSMGX7557YABE2MWFN66CIEG3ZKAUFGNP6JSPXG7VYE,axfer,NA,20000292,1001659785029,226701642
26700,XUIWZFAFUMKD7ILTWKBCTXT5ZQVX3F3EFRUREVHDWL7LFZ27QW6YDLXQOY,583357499,appl,NA,20000292,NA,583357499
26819,6HRQ5RVUV76FQ2Z43FLK5T3YP6ZP32WPVL3B2MZ5BNHR6KW4ZRA7GM5UZQ,583357499,appl,NA,20000294,NA,583357499
26820,6HRQ5RVUV76FQ2Z43FLK5T3YP6ZP32WPVL3B2MZ5BNHR6KW4ZRA7GM5UZQ,HEKOXJY6NXPXDINQSMGX7557YABE2MWFN66CIEG3ZKAUFGNP6JSPXG7VYE,axfer,NA,20000294,10526513221,226701642
26821,6HRQ5RVUV76FQ2Z43FLK5T3YP6ZP32WPVL3B2MZ5BNHR6KW4ZRA7GM5UZQ,583357499,appl,NA,20000294,NA,583357499
26875,VIQJDFDSH5P25PMBPWRNDG3HB3AMV23PASB7M7Q2RVJOXRUGYMTJJRVDSE,583357499,appl,NA,20000294,NA,583357499
26876,VIQJDFDSH5P25PMBPWRNDG3HB3AMV23PASB7M7Q2RVJOXRUGYMTJJRVDSE,HEKOXJY6NXPXDINQSMGX7557YABE2MWFN66CIEG3ZKAUFGNP6JSPXG7VYE,axfer,NA,20000294,197994273617,226701642
26877,VIQJDFDSH5P25PMBPWRNDG3HB3AMV23PASB7M7Q2RVJOXRUGYMTJJRVDSE,583357499,appl,NA,20000294,NA,583357499
26933,4NKLMAG64GIBSJCICG5QO3GZOKX6S6OQWADIETIHOSIFCNA2OKIEDVKXQQ,583357499,appl,NA,20000294,NA,583357499
26934,4NKLMAG64GIBSJCICG5QO3GZOKX6S6OQWADIETIHOSIFCNA2OKIEDVKXQQ,HEKOXJY6NXPXDINQSMGX7557YABE2MWFN66CIEG3ZKAUFGNP6JSPXG7VYE,axfer,NA,20000294,3000000000000,226701642
26935,4NKLMAG64GIBSJCICG5QO3GZOKX6S6OQWADIETIHOSIFCNA2OKIEDVKXQQ,583357499,appl,NA,20000294,NA,583357499
26939,YZSYGEFWDGQO2XME6AD4NXZME4GWVZNPFO35SCM7KUTVVNKEMSNLLH7NW4,583357499,appl,NA,20000295,NA,583357499
26940,YZSYGEFWDGQO2XME6AD4NXZME4GWVZNPFO35SCM7KUTVVNKEMSNLLH7NW4,HEKOXJY6NXPXDINQSMGX7557YABE2MWFN66CIEG3ZKAUFGNP6JSPXG7VYE,axfer,NA,20000295,1017715836193,226701642
26941,YZSYGEFWDGQO2XME6AD4NXZME4GWVZNPFO35SCM7KUTVVNKEMSNLLH7NW4,583357499,appl,NA,20000295,NA,583357499
27115,RKSICRH3EKQOYWBNEZBUX4EMTTR4LOUENORG27WLMRNDCXBJIMU4MXCODM,583357499,appl,NA,20000296,NA,583357499
27116,RKSICRH3EKQOYWBNEZBUX4EMTTR4LOUENORG27WLMRNDCXBJIMU4MXCODM,HEKOXJY6NXPXDINQSMGX7557YABE2MWFN66CIEG3ZKAUFGNP6JSPXG7VYE,axfer,NA,20000296,600809895030,226701642
27117,RKSICRH3EKQOYWBNEZBUX4EMTTR4LOUENORG27WLMRNDCXBJIMU4MXCODM,583357499,appl,NA,20000296,NA,583357499
27182,OA6T3DU3U3YRBPHQAOYAXBTUNSMEWHKSPZCRT2BCXWHDYZURNEO5UDX76M,583357499,appl,NA,20000297,NA,583357499
27183,OA6T3DU3U3YRBPHQAOYAXBTUNSMEWHKSPZCRT2BCXWHDYZURNEO5UDX76M,HEKOXJY6NXPXDINQSMGX7557YABE2MWFN66CIEG3ZKAUFGNP6JSPXG7VYE,axfer,NA,20000297,1208169000000,226701642
27184,OA6T3DU3U3YRBPHQAOYAXBTUNSMEWHKSPZCRT2BCXWHDYZURNEO5UDX76M,583357499,appl,NA,20000297,NA,583357499
27216,CO5XFTR3HLWAK3TSJKIIIIY2LE5TGNOJU5D46T4TE654TNCRORO2EZBSPQ,583357499,appl,NA,20000297,NA,583357499
27217,CO5XFTR3HLWAK3TSJKIIIIY2LE5TGNOJU5D46T4TE654TNCRORO2EZBSPQ,HEKOXJY6NXPXDINQSMGX7557YABE2MWFN66CIEG3ZKAUFGNP6JSPXG7VYE,axfer,NA,20000297,6696351494072,226701642
27218,CO5XFTR3HLWAK3TSJKIIIIY2LE5TGNOJU5D46T4TE654TNCRORO2EZBSPQ,583357499,appl,NA,20000297,NA,583357499
27261,MP4JN2M5ISDOOXQSMBIP7TXHRSHFEBPGOFRVB5GJMQVEJROE7OCAIBJGUI,583357499,appl,NA,20000298,NA,583357499
27262,MP4JN2M5ISDOOXQSMBIP7TXHRSHFEBPGOFRVB5GJMQVEJROE7OCAIBJGUI,HEKOXJY6NXPXDINQSMGX7557YABE2MWFN66CIEG3ZKAUFGNP6JSPXG7VYE,axfer,NA,20000298,351033599641,226701642
27263,MP4JN2M5ISDOOXQSMBIP7TXHRSHFEBPGOFRVB5GJMQVEJROE7OCAIBJGUI,583357499,appl,NA,20000298,NA,583357499
27267,AV3JI6TTNJVU63UKVHZX2ITPUX6FYSI2JYZSCXW4KVX6LOFWYVCKEYQ2XQ,583357499,appl,NA,20000298,NA,583357499
27268,AV3JI6TTNJVU63UKVHZX2ITPUX6FYSI2JYZSCXW4KVX6LOFWYVCKEYQ2XQ,HEKOXJY6NXPXDINQSMGX7557YABE2MWFN66CIEG3ZKAUFGNP6JSPXG7VYE,axfer,NA,20000298,7800285689,226701642
27269,AV3JI6TTNJVU63UKVHZX2ITPUX6FYSI2JYZSCXW4KVX6LOFWYVCKEYQ2XQ,583357499,appl,NA,20000298,NA,583357499
27351,7MEMI56FYMMAO6RVCFSPLI2GASAGOJMSTPNH53KCVFPKE6A5BNMY2VA3LQ,583357499,appl,NA,20000298,NA,583357499
27352,7MEMI56FYMMAO6RVCFSPLI2GASAGOJMSTPNH53KCVFPKE6A5BNMY2VA3LQ,HEKOXJY6NXPXDINQSMGX7557YABE2MWFN66CIEG3ZKAUFGNP6JSPXG7VYE,axfer,NA,20000298,664915458691,226701642
27353,7MEMI56FYMMAO6RVCFSPLI2GASAGOJMSTPNH53KCVFPKE6A5BNMY2VA3LQ,583357499,appl,NA,20000298,NA,583357499
27572,E5XBOJDDOQ3Q33RKXSMIFNWYBPOOK5ZQVGN6OPXD5THECF6HRF5R2ZCUSA,583357499,appl,NA,20000301,NA,583357499
27573,E5XBOJDDOQ3Q33RKXSMIFNWYBPOOK5ZQVGN6OPXD5THECF6HRF5R2ZCUSA,HEKOXJY6NXPXDINQSMGX7557YABE2MWFN66CIEG3ZKAUFGNP6JSPXG7VYE,axfer,NA,20000301,166827137174,226701642
27574,E5XBOJDDOQ3Q33RKXSMIFNWYBPOOK5ZQVGN6OPXD5THECF6HRF5R2ZCUSA,583357499,appl,NA,20000301,NA,583357499
27677,HLUHD6V3CDMAPKPKY34ML3BQUZ4IPSKLCCAJIP26FBPCW5AJMFS554UAVE,583357499,appl,NA,20000302,NA,583357499
27678,HLUHD6V3CDMAPKPKY34ML3BQUZ4IPSKLCCAJIP26FBPCW5AJMFS554UAVE,HEKOXJY6NXPXDINQSMGX7557YABE2MWFN66CIEG3ZKAUFGNP6JSPXG7VYE,axfer,NA,20000302,5681754013012,226701642
27679,HLUHD6V3CDMAPKPKY34ML3BQUZ4IPSKLCCAJIP26FBPCW5AJMFS554UAVE,583357499,appl,NA,20000302,NA,583357499
27732,HAIMEPQZ7EEPORT5KCC2J2EIQVBZA5WWLMX5UBLR5PXMV4NFAG2WYQIGAU,583357499,appl,NA,20000303,NA,583357499
27733,HAIMEPQZ7EEPORT5KCC2J2EIQVBZA5WWLMX5UBLR5PXMV4NFAG2WYQIGAU,HEKOXJY6NXPXDINQSMGX7557YABE2MWFN66CIEG3ZKAUFGNP6JSPXG7VYE,axfer,NA,20000303,1287466030429,226701642
27734,HAIMEPQZ7EEPORT5KCC2J2EIQVBZA5WWLMX5UBLR5PXMV4NFAG2WYQIGAU,583357499,appl,NA,20000303,NA,583357499
27758,CJU5GHZJUUB5CBIZVFIDX3NX5UP353YWC5V4Q3FPC42RNBEP3WVY237MZA,583357499,appl,NA,20000303,NA,583357499
27759,CJU5GHZJUUB5CBIZVFIDX3NX5UP353YWC5V4Q3FPC42RNBEP3WVY237MZA,HEKOXJY6NXPXDINQSMGX7557YABE2MWFN66CIEG3ZKAUFGNP6JSPXG7VYE,axfer,NA,20000303,28512325262,226701642
27760,CJU5GHZJUUB5CBIZVFIDX3NX5UP353YWC5V4Q3FPC42RNBEP3WVY237MZA,583357499,appl,NA,20000303,NA,583357499
27828,RCZN3DGJKIWXBXW4ZL4ANKARALUEQFOQWJYGOBMNDO2JVMHIGNRJNDYSII,583357499,appl,NA,20000303,NA,583357499
27829,RCZN3DGJKIWXBXW4ZL4ANKARALUEQFOQWJYGOBMNDO2JVMHIGNRJNDYSII,HEKOXJY6NXPXDINQSMGX7557YABE2MWFN66CIEG3ZKAUFGNP6JSPXG7VYE,axfer,NA,20000303,1588160166422,226701642
27830,RCZN3DGJKIWXBXW4ZL4ANKARALUEQFOQWJYGOBMNDO2JVMHIGNRJNDYSII,583357499,appl,NA,20000303,NA,583357499
27989,LX7652SQQDAPLYALBK3LH6LVED6DCI2IDLDXG372GQ6P3PYG7G432VGW2A,583357499,appl,NA,20000305,NA,583357499
27990,LX7652SQQDAPLYALBK3LH6LVED6DCI2IDLDXG372GQ6P3PYG7G432VGW2A,HEKOXJY6NXPXDINQSMGX7557YABE2MWFN66CIEG3ZKAUFGNP6JSPXG7VYE,axfer,NA,20000305,1558381410387,226701642
27991,LX7652SQQDAPLYALBK3LH6LVED6DCI2IDLDXG372GQ6P3PYG7G432VGW2A,583357499,appl,NA,20000305,NA,583357499
28185,2776OVJUVSKPHLGTWOLBPUHWAM2IKB2OVPE35JKOHC6DMUE63RWRWD4T6Q,583357499,appl,NA,20000307,NA,583357499
28186,2776OVJUVSKPHLGTWOLBPUHWAM2IKB2OVPE35JKOHC6DMUE63RWRWD4T6Q,HEKOXJY6NXPXDINQSMGX7557YABE2MWFN66CIEG3ZKAUFGNP6JSPXG7VYE,axfer,NA,20000307,254794284222,226701642
28187,2776OVJUVSKPHLGTWOLBPUHWAM2IKB2OVPE35JKOHC6DMUE63RWRWD4T6Q,583357499,appl,NA,20000307,NA,583357499
28240,RCZN3DGJKIWXBXW4ZL4ANKARALUEQFOQWJYGOBMNDO2JVMHIGNRJNDYSII,583357499,appl,NA,20000308,NA,583357499
28241,RCZN3DGJKIWXBXW4ZL4ANKARALUEQFOQWJYGOBMNDO2JVMHIGNRJNDYSII,583357499,appl,NA,20000308,NA,583357499
28350,FZY6WJCSNQKMZ3BWCT4U6DWFKAL5NMTD5AGR47VEIFO33JW6Z4AEGNWQ3I,583357499,appl,NA,20000309,NA,583357499
28351,FZY6WJCSNQKMZ3BWCT4U6DWFKAL5NMTD5AGR47VEIFO33JW6Z4AEGNWQ3I,HEKOXJY6NXPXDINQSMGX7557YABE2MWFN66CIEG3ZKAUFGNP6JSPXG7VYE,axfer,NA,20000309,214966883578,226701642
28352,FZY6WJCSNQKMZ3BWCT4U6DWFKAL5NMTD5AGR47VEIFO33JW6Z4AEGNWQ3I,583357499,appl,NA,20000309,NA,583357499
28477,POIKSLHXOHEK66HENCJ3ZESGGDHLS7CUZLYT7UCTZ2OLTPKREPPPO4Z32Y,583357499,appl,NA,20000310,NA,583357499
28478,POIKSLHXOHEK66HENCJ3ZESGGDHLS7CUZLYT7UCTZ2OLTPKREPPPO4Z32Y,HEKOXJY6NXPXDINQSMGX7557YABE2MWFN66CIEG3ZKAUFGNP6JSPXG7VYE,axfer,NA,20000310,14938416986,226701642
28479,POIKSLHXOHEK66HENCJ3ZESGGDHLS7CUZLYT7UCTZ2OLTPKREPPPO4Z32Y,583357499,appl,NA,20000310,NA,583357499
28699,UEBYZN2AQMS5B677UEZC5XQOTTJEMTWNSFB266FBRLIUGZQXUHCL3CQGZY,583357499,appl,NA,20000312,NA,583357499
28700,UEBYZN2AQMS5B677UEZC5XQOTTJEMTWNSFB266FBRLIUGZQXUHCL3CQGZY,HEKOXJY6NXPXDINQSMGX7557YABE2MWFN66CIEG3ZKAUFGNP6JSPXG7VYE,axfer,NA,20000312,43214716589,226701642
28701,UEBYZN2AQMS5B677UEZC5XQOTTJEMTWNSFB266FBRLIUGZQXUHCL3CQGZY,583357499,appl,NA,20000312,NA,583357499
28718,Q24J5WE2A3LTYGLEWCE4MJZIAJHARAUOA2TEWFTFALC2MDZM3JD6BBETDU,583357499,appl,NA,20000312,NA,583357499
28719,Q24J5WE2A3LTYGLEWCE4MJZIAJHARAUOA2TEWFTFALC2MDZM3JD6BBETDU,HEKOXJY6NXPXDINQSMGX7557YABE2MWFN66CIEG3ZKAUFGNP6JSPXG7VYE,axfer,NA,20000312,109363315754,226701642
28720,Q24J5WE2A3LTYGLEWCE4MJZIAJHARAUOA2TEWFTFALC2MDZM3JD6BBETDU,583357499,appl,NA,20000312,NA,583357499
28734,TD3TES5V4VWFXOCY75WRH7D4HXWFD64M663K6S2CFLF434GREWLR7S56RI,583357499,appl,NA,20000312,NA,583357499
28735,TD3TES5V4VWFXOCY75WRH7D4HXWFD64M663K6S2CFLF434GREWLR7S56RI,HEKOXJY6NXPXDINQSMGX7557YABE2MWFN66CIEG3ZKAUFGNP6JSPXG7VYE,axfer,NA,20000312,2957160137544,226701642
28736,TD3TES5V4VWFXOCY75WRH7D4HXWFD64M663K6S2CFLF434GREWLR7S56RI,583357499,appl,NA,20000312,NA,583357499
28767,LQGT7AVXB67KYIJBV4R4G2E76OBSSPABZDSSAOCKA5IIIHIQ2A6HGKQDRE,583357499,appl,NA,20000313,NA,583357499
28768,LQGT7AVXB67KYIJBV4R4G2E76OBSSPABZDSSAOCKA5IIIHIQ2A6HGKQDRE,HEKOXJY6NXPXDINQSMGX7557YABE2MWFN66CIEG3ZKAUFGNP6JSPXG7VYE,axfer,NA,20000313,140935000000,226701642
28769,LQGT7AVXB67KYIJBV4R4G2E76OBSSPABZDSSAOCKA5IIIHIQ2A6HGKQDRE,583357499,appl,NA,20000313,NA,583357499
28799,Q63FUFQM4FP37X2XML6EAIBJESDWR6OY5GVLSSR4XYFI4YJSA6GWZI6NKM,583357499,appl,NA,20000313,NA,583357499
28800,Q63FUFQM4FP37X2XML6EAIBJESDWR6OY5GVLSSR4XYFI4YJSA6GWZI6NKM,HEKOXJY6NXPXDINQSMGX7557YABE2MWFN66CIEG3ZKAUFGNP6JSPXG7VYE,axfer,NA,20000313,758670362258,226701642
28801,Q63FUFQM4FP37X2XML6EAIBJESDWR6OY5GVLSSR4XYFI4YJSA6GWZI6NKM,583357499,appl,NA,20000313,NA,583357499
28950,CFMO45XP33UO7QZXAWTSC4YHQLDCHJ3S2BSK35FRUMGZD7IFFGE3YLI62A,583357499,appl,NA,20000315,NA,583357499
28951,CFMO45XP33UO7QZXAWTSC4YHQLDCHJ3S2BSK35FRUMGZD7IFFGE3YLI62A,HEKOXJY6NXPXDINQSMGX7557YABE2MWFN66CIEG3ZKAUFGNP6JSPXG7VYE,axfer,NA,20000315,6827651805615,226701642
28952,CFMO45XP33UO7QZXAWTSC4YHQLDCHJ3S2BSK35FRUMGZD7IFFGE3YLI62A,583357499,appl,NA,20000315,NA,583357499
29081,JV46AX333IBFXUHG7GI57AQWDSRQBOR7K5HEJ4DIPWHUY7D3TB5F4PGIEQ,583357499,appl,NA,20000316,NA,583357499
29082,JV46AX333IBFXUHG7GI57AQWDSRQBOR7K5HEJ4DIPWHUY7D3TB5F4PGIEQ,HEKOXJY6NXPXDINQSMGX7557YABE2MWFN66CIEG3ZKAUFGNP6JSPXG7VYE,axfer,NA,20000316,68612526647,226701642
29083,JV46AX333IBFXUHG7GI57AQWDSRQBOR7K5HEJ4DIPWHUY7D3TB5F4PGIEQ,583357499,appl,NA,20000316,NA,583357499
29122,AIAWGRO67RM4XHNI6G7CLPPRNPMZOMGQXMRS6OJRLMMFNSDPYDUXCX7M64,583357499,appl,NA,20000317,NA,583357499
29123,AIAWGRO67RM4XHNI6G7CLPPRNPMZOMGQXMRS6OJRLMMFNSDPYDUXCX7M64,HEKOXJY6NXPXDINQSMGX7557YABE2MWFN66CIEG3ZKAUFGNP6JSPXG7VYE,axfer,NA,20000317,3051348925712,226701642
29124,AIAWGRO67RM4XHNI6G7CLPPRNPMZOMGQXMRS6OJRLMMFNSDPYDUXCX7M64,583357499,appl,NA,20000317,NA,583357499
29135,P5V7LBCUWY5SXY2U6KIRCJTZGDRIEPNUOWLDMCVEOJCS3YYAPFNATHGDIU,583357499,appl,NA,20000317,NA,583357499
29136,P5V7LBCUWY5SXY2U6KIRCJTZGDRIEPNUOWLDMCVEOJCS3YYAPFNATHGDIU,HEKOXJY6NXPXDINQSMGX7557YABE2MWFN66CIEG3ZKAUFGNP6JSPXG7VYE,axfer,NA,20000317,1857043787236,226701642
29137,P5V7LBCUWY5SXY2U6KIRCJTZGDRIEPNUOWLDMCVEOJCS3YYAPFNATHGDIU,583357499,appl,NA,20000317,NA,583357499
29201,FZY6WJCSNQKMZ3BWCT4U6DWFKAL5NMTD5AGR47VEIFO33JW6Z4AEGNWQ3I,583357499,appl,NA,20000317,NA,583357499
29202,FZY6WJCSNQKMZ3BWCT4U6DWFKAL5NMTD5AGR47VEIFO33JW6Z4AEGNWQ3I,583357499,appl,NA,20000317,NA,583357499
29397,AYRB6OOFCANOD2DRUOIICQQSC3NYNTTIUTOLH7KOKNOR4AYN4E3X7PB7GE,583357499,appl,NA,20000319,NA,583357499
29398,AYRB6OOFCANOD2DRUOIICQQSC3NYNTTIUTOLH7KOKNOR4AYN4E3X7PB7GE,583357499,appl,NA,20000319,NA,583357499
29482,62D7C3RWROVWHICCSMCMJN2RJDOU25I736ZGCYX6RBPGIG4LJY7KSEWTAQ,583357499,appl,NA,20000320,NA,583357499
29483,62D7C3RWROVWHICCSMCMJN2RJDOU25I736ZGCYX6RBPGIG4LJY7KSEWTAQ,HEKOXJY6NXPXDINQSMGX7557YABE2MWFN66CIEG3ZKAUFGNP6JSPXG7VYE,axfer,NA,20000320,62856802229,226701642
29484,62D7C3RWROVWHICCSMCMJN2RJDOU25I736ZGCYX6RBPGIG4LJY7KSEWTAQ,583357499,appl,NA,20000320,NA,583357499
29704,CJU5GHZJUUB5CBIZVFIDX3NX5UP353YWC5V4Q3FPC42RNBEP3WVY237MZA,583357499,appl,NA,20000322,NA,583357499
29705,CJU5GHZJUUB5CBIZVFIDX3NX5UP353YWC5V4Q3FPC42RNBEP3WVY237MZA,583357499,appl,NA,20000322,NA,583357499
29830,RCZN3DGJKIWXBXW4ZL4ANKARALUEQFOQWJYGOBMNDO2JVMHIGNRJNDYSII,583357499,appl,NA,20000324,NA,583357499
29831,RCZN3DGJKIWXBXW4ZL4ANKARALUEQFOQWJYGOBMNDO2JVMHIGNRJNDYSII,HEKOXJY6NXPXDINQSMGX7557YABE2MWFN66CIEG3ZKAUFGNP6JSPXG7VYE,axfer,NA,20000324,1131663280,226701642
29832,RCZN3DGJKIWXBXW4ZL4ANKARALUEQFOQWJYGOBMNDO2JVMHIGNRJNDYSII,583357499,appl,NA,20000324,NA,583357499
29863,AYRB6OOFCANOD2DRUOIICQQSC3NYNTTIUTOLH7KOKNOR4AYN4E3X7PB7GE,583357499,appl,NA,20000324,NA,583357499
29864,AYRB6OOFCANOD2DRUOIICQQSC3NYNTTIUTOLH7KOKNOR4AYN4E3X7PB7GE,583357499,appl,NA,20000324,NA,583357499
30029,2YSEPBW4XCFASZSKJQNIYLVOS64QWSZV5WNIP5SHNCKX3VO7C5I35KNSL4,583357499,appl,NA,20000326,NA,583357499
30030,2YSEPBW4XCFASZSKJQNIYLVOS64QWSZV5WNIP5SHNCKX3VO7C5I35KNSL4,HEKOXJY6NXPXDINQSMGX7557YABE2MWFN66CIEG3ZKAUFGNP6JSPXG7VYE,axfer,NA,20000326,1231139714885,226701642
30031,2YSEPBW4XCFASZSKJQNIYLVOS64QWSZV5WNIP5SHNCKX3VO7C5I35KNSL4,583357499,appl,NA,20000326,NA,583357499
30346,JV5JALYFFZJTFCJ3XPWLR4M3CPTCX46ZZ53WPZZPBTAWJM4NPQBBZN2VYQ,583357499,appl,NA,20000330,NA,583357499
30347,JV5JALYFFZJTFCJ3XPWLR4M3CPTCX46ZZ53WPZZPBTAWJM4NPQBBZN2VYQ,HEKOXJY6NXPXDINQSMGX7557YABE2MWFN66CIEG3ZKAUFGNP6JSPXG7VYE,axfer,NA,20000330,592692260928,226701642
30348,JV5JALYFFZJTFCJ3XPWLR4M3CPTCX46ZZ53WPZZPBTAWJM4NPQBBZN2VYQ,583357499,appl,NA,20000330,NA,583357499
30429,OPP2S6NHP2BUU2VAJSM5AAFOPZ6ATROCUTRNNHFIPQ446UAWARU7UXVBNU,583357499,appl,NA,20000330,NA,583357499
30430,OPP2S6NHP2BUU2VAJSM5AAFOPZ6ATROCUTRNNHFIPQ446UAWARU7UXVBNU,HEKOXJY6NXPXDINQSMGX7557YABE2MWFN66CIEG3ZKAUFGNP6JSPXG7VYE,axfer,NA,20000330,313143236932,226701642
30431,OPP2S6NHP2BUU2VAJSM5AAFOPZ6ATROCUTRNNHFIPQ446UAWARU7UXVBNU,583357499,appl,NA,20000330,NA,583357499
30580,RYLUGEJ7AMPSALY5GXWO3ADJZ7UPWKJMS6SWKH7XLMYT7WNSQFDIKZFLC4,583357499,appl,NA,20000331,NA,583357499
30581,RYLUGEJ7AMPSALY5GXWO3ADJZ7UPWKJMS6SWKH7XLMYT7WNSQFDIKZFLC4,583357499,appl,NA,20000331,NA,583357499
30844,CXMAB24C73RIXLMNLS33T5EMV4WVWF6BKFVE2GCDRM4QX4RHWUBZ5S5ICE,583357499,appl,NA,20000334,NA,583357499
30845,CXMAB24C73RIXLMNLS33T5EMV4WVWF6BKFVE2GCDRM4QX4RHWUBZ5S5ICE,HEKOXJY6NXPXDINQSMGX7557YABE2MWFN66CIEG3ZKAUFGNP6JSPXG7VYE,axfer,NA,20000334,14087806838068,226701642
30846,CXMAB24C73RIXLMNLS33T5EMV4WVWF6BKFVE2GCDRM4QX4RHWUBZ5S5ICE,583357499,appl,NA,20000334,NA,583357499
31174,G7P4JAYGTT3CBSL7BIZXDTODVEFQINEHPHYEY6QS5HOQOCVKOPTZVQNCF4,583357499,appl,NA,20000337,NA,583357499
31175,G7P4JAYGTT3CBSL7BIZXDTODVEFQINEHPHYEY6QS5HOQOCVKOPTZVQNCF4,HEKOXJY6NXPXDINQSMGX7557YABE2MWFN66CIEG3ZKAUFGNP6JSPXG7VYE,axfer,NA,20000337,5649190105488,226701642
31176,G7P4JAYGTT3CBSL7BIZXDTODVEFQINEHPHYEY6QS5HOQOCVKOPTZVQNCF4,583357499,appl,NA,20000337,NA,583357499
31236,74KJCDFTGDQCV3XQ2EWIZKNBASKA6SZCKIWIWEGIZPTWNPCHQIIVMZADJI,583357499,appl,NA,20000338,NA,583357499
31237,74KJCDFTGDQCV3XQ2EWIZKNBASKA6SZCKIWIWEGIZPTWNPCHQIIVMZADJI,HEKOXJY6NXPXDINQSMGX7557YABE2MWFN66CIEG3ZKAUFGNP6JSPXG7VYE,axfer,NA,20000338,2465655952624,226701642
31238,74KJCDFTGDQCV3XQ2EWIZKNBASKA6SZCKIWIWEGIZPTWNPCHQIIVMZADJI,583357499,appl,NA,20000338,NA,583357499
31281,OOLDES6VAVDAHMGME6IIDQMGNMVDVKSDGCSUAP4MEGKILRQUMAAF57XXBU,583357499,appl,NA,20000338,NA,583357499
31282,OOLDES6VAVDAHMGME6IIDQMGNMVDVKSDGCSUAP4MEGKILRQUMAAF57XXBU,583357499,appl,NA,20000338,NA,583357499
31451,LQKTDS55B5A6ZHPVYBCSCUL2P5V7GMMWJDYOIUYQX4K7XNQQLGDSHBHPKA,583357499,appl,NA,20000340,NA,583357499
31452,LQKTDS55B5A6ZHPVYBCSCUL2P5V7GMMWJDYOIUYQX4K7XNQQLGDSHBHPKA,HEKOXJY6NXPXDINQSMGX7557YABE2MWFN66CIEG3ZKAUFGNP6JSPXG7VYE,axfer,NA,20000340,395941705351,226701642
31453,LQKTDS55B5A6ZHPVYBCSCUL2P5V7GMMWJDYOIUYQX4K7XNQQLGDSHBHPKA,583357499,appl,NA,20000340,NA,583357499
31620,726VOOMJAMXFUKBCNTGTVPERPS5NC5MUAHQMRH3GYPS4DYYFVPITRU5PDY,583357499,appl,NA,20000342,NA,583357499
31621,726VOOMJAMXFUKBCNTGTVPERPS5NC5MUAHQMRH3GYPS4DYYFVPITRU5PDY,HEKOXJY6NXPXDINQSMGX7557YABE2MWFN66CIEG3ZKAUFGNP6JSPXG7VYE,axfer,NA,20000342,3081155304880,226701642
31622,726VOOMJAMXFUKBCNTGTVPERPS5NC5MUAHQMRH3GYPS4DYYFVPITRU5PDY,583357499,appl,NA,20000342,NA,583357499
31654,OPP2S6NHP2BUU2VAJSM5AAFOPZ6ATROCUTRNNHFIPQ446UAWARU7UXVBNU,583357499,appl,NA,20000342,NA,583357499
31655,OPP2S6NHP2BUU2VAJSM5AAFOPZ6ATROCUTRNNHFIPQ446UAWARU7UXVBNU,HEKOXJY6NXPXDINQSMGX7557YABE2MWFN66CIEG3ZKAUFGNP6JSPXG7VYE,axfer,NA,20000342,223134108,226701642
31656,OPP2S6NHP2BUU2VAJSM5AAFOPZ6ATROCUTRNNHFIPQ446UAWARU7UXVBNU,583357499,appl,NA,20000342,NA,583357499
31815,ONI7XZZQB4HTCDYICGWG66ATH6ZBEGTXEMSNWCSQ2K3Z3HBNWKYKRQBFVQ,583357499,appl,NA,20000344,NA,583357499
31816,ONI7XZZQB4HTCDYICGWG66ATH6ZBEGTXEMSNWCSQ2K3Z3HBNWKYKRQBFVQ,HEKOXJY6NXPXDINQSMGX7557YABE2MWFN66CIEG3ZKAUFGNP6JSPXG7VYE,axfer,NA,20000344,303000000000,226701642
31817,ONI7XZZQB4HTCDYICGWG66ATH6ZBEGTXEMSNWCSQ2K3Z3HBNWKYKRQBFVQ,583357499,appl,NA,20000344,NA,583357499
32184,GZYYDTSF676TQB6O4EP54TXXB3VR44RE6YNRHANWYIMRTXAUY7UO72MJSE,583357499,appl,NA,20000346,NA,583357499
32185,GZYYDTSF676TQB6O4EP54TXXB3VR44RE6YNRHANWYIMRTXAUY7UO72MJSE,HEKOXJY6NXPXDINQSMGX7557YABE2MWFN66CIEG3ZKAUFGNP6JSPXG7VYE,axfer,NA,20000346,2073594436672,226701642
32186,GZYYDTSF676TQB6O4EP54TXXB3VR44RE6YNRHANWYIMRTXAUY7UO72MJSE,583357499,appl,NA,20000346,NA,583357499
32218,6RR4N57HUZBS5ACWVNSK4J6XPSCRL4HGOQU4KO5RSVVB4QJ2SJ22PINASQ,583357499,appl,NA,20000346,NA,583357499
32219,6RR4N57HUZBS5ACWVNSK4J6XPSCRL4HGOQU4KO5RSVVB4QJ2SJ22PINASQ,HEKOXJY6NXPXDINQSMGX7557YABE2MWFN66CIEG3ZKAUFGNP6JSPXG7VYE,axfer,NA,20000346,1180683287278,226701642
32220,6RR4N57HUZBS5ACWVNSK4J6XPSCRL4HGOQU4KO5RSVVB4QJ2SJ22PINASQ,583357499,appl,NA,20000346,NA,583357499
32324,RYLUGEJ7AMPSALY5GXWO3ADJZ7UPWKJMS6SWKH7XLMYT7WNSQFDIKZFLC4,583357499,appl,NA,20000346,NA,583357499
32325,RYLUGEJ7AMPSALY5GXWO3ADJZ7UPWKJMS6SWKH7XLMYT7WNSQFDIKZFLC4,583357499,appl,NA,20000346,NA,583357499
32377,OOLDES6VAVDAHMGME6IIDQMGNMVDVKSDGCSUAP4MEGKILRQUMAAF57XXBU,583357499,appl,NA,20000347,NA,583357499
32378,OOLDES6VAVDAHMGME6IIDQMGNMVDVKSDGCSUAP4MEGKILRQUMAAF57XXBU,HEKOXJY6NXPXDINQSMGX7557YABE2MWFN66CIEG3ZKAUFGNP6JSPXG7VYE,axfer,NA,20000347,9354749825,226701642
32379,OOLDES6VAVDAHMGME6IIDQMGNMVDVKSDGCSUAP4MEGKILRQUMAAF57XXBU,583357499,appl,NA,20000347,NA,583357499
33853,TIHAKN4CTBNMY37EJB7UBF5Q7BXBWKVNOABM4UAQJVGOCIBHK66Q7PBW4U,583357499,appl,NA,20000363,NA,583357499
33854,TIHAKN4CTBNMY37EJB7UBF5Q7BXBWKVNOABM4UAQJVGOCIBHK66Q7PBW4U,HEKOXJY6NXPXDINQSMGX7557YABE2MWFN66CIEG3ZKAUFGNP6JSPXG7VYE,axfer,NA,20000363,760335377080,226701642
33855,TIHAKN4CTBNMY37EJB7UBF5Q7BXBWKVNOABM4UAQJVGOCIBHK66Q7PBW4U,583357499,appl,NA,20000363,NA,583357499
33985,VFKQKWVWNY5C533E2VJATQBX2MMBNV4PLOXEGIEFF34PYE5RX6ASHD3CXU,583357499,appl,NA,20000365,NA,583357499
33986,VFKQKWVWNY5C533E2VJATQBX2MMBNV4PLOXEGIEFF34PYE5RX6ASHD3CXU,HEKOXJY6NXPXDINQSMGX7557YABE2MWFN66CIEG3ZKAUFGNP6JSPXG7VYE,axfer,NA,20000365,1898601008039,226701642
33987,VFKQKWVWNY5C533E2VJATQBX2MMBNV4PLOXEGIEFF34PYE5RX6ASHD3CXU,583357499,appl,NA,20000365,NA,583357499
34091,LSZ5AY3LIXMW5VTIW3MP32JZCDKOPHHDOVYV26Q6UPPFL4VJY5SX7N4SDA,583357499,appl,NA,20000366,NA,583357499
34092,LSZ5AY3LIXMW5VTIW3MP32JZCDKOPHHDOVYV26Q6UPPFL4VJY5SX7N4SDA,HEKOXJY6NXPXDINQSMGX7557YABE2MWFN66CIEG3ZKAUFGNP6JSPXG7VYE,axfer,NA,20000366,3000000009356,226701642
34093,LSZ5AY3LIXMW5VTIW3MP32JZCDKOPHHDOVYV26Q6UPPFL4VJY5SX7N4SDA,583357499,appl,NA,20000366,NA,583357499
34212,QXV52YYVWSFFTONTRLPGBODZQTRWMOTDRAAZMMK76FJOWMWLP24OFB2Y3M,583357499,appl,NA,20000368,NA,583357499
34213,QXV52YYVWSFFTONTRLPGBODZQTRWMOTDRAAZMMK76FJOWMWLP24OFB2Y3M,HEKOXJY6NXPXDINQSMGX7557YABE2MWFN66CIEG3ZKAUFGNP6JSPXG7VYE,axfer,NA,20000368,56960240489,226701642
34214,QXV52YYVWSFFTONTRLPGBODZQTRWMOTDRAAZMMK76FJOWMWLP24OFB2Y3M,583357499,appl,NA,20000368,NA,583357499
34393,74KJCDFTGDQCV3XQ2EWIZKNBASKA6SZCKIWIWEGIZPTWNPCHQIIVMZADJI,583357499,appl,NA,20000370,NA,583357499
34394,74KJCDFTGDQCV3XQ2EWIZKNBASKA6SZCKIWIWEGIZPTWNPCHQIIVMZADJI,HEKOXJY6NXPXDINQSMGX7557YABE2MWFN66CIEG3ZKAUFGNP6JSPXG7VYE,axfer,NA,20000370,3823246847,226701642
34395,74KJCDFTGDQCV3XQ2EWIZKNBASKA6SZCKIWIWEGIZPTWNPCHQIIVMZADJI,583357499,appl,NA,20000370,NA,583357499
34664,F2KN2PZPDWUX55TFYZNB5XHN23VFLSTWQHPDSKSLQYBLZTXU6KTRK2JYDY,583357499,appl,NA,20000374,NA,583357499
34665,F2KN2PZPDWUX55TFYZNB5XHN23VFLSTWQHPDSKSLQYBLZTXU6KTRK2JYDY,HEKOXJY6NXPXDINQSMGX7557YABE2MWFN66CIEG3ZKAUFGNP6JSPXG7VYE,axfer,NA,20000374,1001678642095,226701642
34666,F2KN2PZPDWUX55TFYZNB5XHN23VFLSTWQHPDSKSLQYBLZTXU6KTRK2JYDY,583357499,appl,NA,20000374,NA,583357499
34762,TIHAKN4CTBNMY37EJB7UBF5Q7BXBWKVNOABM4UAQJVGOCIBHK66Q7PBW4U,583357499,appl,NA,20000375,NA,583357499
34763,TIHAKN4CTBNMY37EJB7UBF5Q7BXBWKVNOABM4UAQJVGOCIBHK66Q7PBW4U,583357499,appl,NA,20000375,NA,583357499
34859,FZY6WJCSNQKMZ3BWCT4U6DWFKAL5NMTD5AGR47VEIFO33JW6Z4AEGNWQ3I,583357499,appl,NA,20000376,NA,583357499
34860,FZY6WJCSNQKMZ3BWCT4U6DWFKAL5NMTD5AGR47VEIFO33JW6Z4AEGNWQ3I,HEKOXJY6NXPXDINQSMGX7557YABE2MWFN66CIEG3ZKAUFGNP6JSPXG7VYE,axfer,NA,20000376,364400350,226701642
34861,FZY6WJCSNQKMZ3BWCT4U6DWFKAL5NMTD5AGR47VEIFO33JW6Z4AEGNWQ3I,583357499,appl,NA,20000376,NA,583357499
35592,RYLUGEJ7AMPSALY5GXWO3ADJZ7UPWKJMS6SWKH7XLMYT7WNSQFDIKZFLC4,583357499,appl,NA,20000386,NA,583357499
35593,RYLUGEJ7AMPSALY5GXWO3ADJZ7UPWKJMS6SWKH7XLMYT7WNSQFDIKZFLC4,HEKOXJY6NXPXDINQSMGX7557YABE2MWFN66CIEG3ZKAUFGNP6JSPXG7VYE,axfer,NA,20000386,270394628714,226701642
35594,RYLUGEJ7AMPSALY5GXWO3ADJZ7UPWKJMS6SWKH7XLMYT7WNSQFDIKZFLC4,583357499,appl,NA,20000386,NA,583357499
35638,4FSYHEPWVJQ4AMRJE57IWIXJKRT4Y2DTVBLX6GMFUTVTQ4Y65HZET3QWTQ,583357499,appl,NA,20000386,NA,583357499
35639,4FSYHEPWVJQ4AMRJE57IWIXJKRT4Y2DTVBLX6GMFUTVTQ4Y65HZET3QWTQ,HEKOXJY6NXPXDINQSMGX7557YABE2MWFN66CIEG3ZKAUFGNP6JSPXG7VYE,axfer,NA,20000386,1233832835396,226701642
35640,4FSYHEPWVJQ4AMRJE57IWIXJKRT4Y2DTVBLX6GMFUTVTQ4Y65HZET3QWTQ,583357499,appl,NA,20000386,NA,583357499
35643,DQTDE6UN6SXN4FO2UFQRAJ6B7CGFGXUVY3QAQXLGS5YMJNOIT4QNJ4EHYQ,583357499,appl,NA,20000387,NA,583357499
35644,DQTDE6UN6SXN4FO2UFQRAJ6B7CGFGXUVY3QAQXLGS5YMJNOIT4QNJ4EHYQ,HEKOXJY6NXPXDINQSMGX7557YABE2MWFN66CIEG3ZKAUFGNP6JSPXG7VYE,axfer,NA,20000387,284678281387,226701642
35645,DQTDE6UN6SXN4FO2UFQRAJ6B7CGFGXUVY3QAQXLGS5YMJNOIT4QNJ4EHYQ,583357499,appl,NA,20000387,NA,583357499
35650,XXRBLVWG2EU4HHN33I236KGYVVFPO3QE65I46WJBC73LNB3AFRROUNJNR4,583357499,appl,NA,20000387,NA,583357499
35651,XXRBLVWG2EU4HHN33I236KGYVVFPO3QE65I46WJBC73LNB3AFRROUNJNR4,HEKOXJY6NXPXDINQSMGX7557YABE2MWFN66CIEG3ZKAUFGNP6JSPXG7VYE,axfer,NA,20000387,311560166850,226701642
35652,XXRBLVWG2EU4HHN33I236KGYVVFPO3QE65I46WJBC73LNB3AFRROUNJNR4,583357499,appl,NA,20000387,NA,583357499
36100,UD3QW3DFEVEA5GQ7Q4JUUW3YZXWVAMEZPLWCLYAB65TZZSDH6GGHZW6IEM,583357499,appl,NA,20000395,NA,583357499
36101,UD3QW3DFEVEA5GQ7Q4JUUW3YZXWVAMEZPLWCLYAB65TZZSDH6GGHZW6IEM,HEKOXJY6NXPXDINQSMGX7557YABE2MWFN66CIEG3ZKAUFGNP6JSPXG7VYE,axfer,NA,20000395,25000000000,226701642
36102,UD3QW3DFEVEA5GQ7Q4JUUW3YZXWVAMEZPLWCLYAB65TZZSDH6GGHZW6IEM,583357499,appl,NA,20000395,NA,583357499
36757,P7OK63DQ6XMJUQLPLWSHOIFJELIFTSXDXNBACGFOELAPEBZDSYD25CBCEY,583357499,appl,NA,20000402,NA,583357499
36758,P7OK63DQ6XMJUQLPLWSHOIFJELIFTSXDXNBACGFOELAPEBZDSYD25CBCEY,HEKOXJY6NXPXDINQSMGX7557YABE2MWFN66CIEG3ZKAUFGNP6JSPXG7VYE,axfer,NA,20000402,134923204423,226701642
36759,P7OK63DQ6XMJUQLPLWSHOIFJELIFTSXDXNBACGFOELAPEBZDSYD25CBCEY,583357499,appl,NA,20000402,NA,583357499
37473,R277ALUBATH2Z2TVKMBQKCD2GTO2PVLZP3PJPIPGD22HLVJWHK4VTTWAWQ,583357499,appl,NA,20000414,NA,583357499
37474,R277ALUBATH2Z2TVKMBQKCD2GTO2PVLZP3PJPIPGD22HLVJWHK4VTTWAWQ,HEKOXJY6NXPXDINQSMGX7557YABE2MWFN66CIEG3ZKAUFGNP6JSPXG7VYE,axfer,NA,20000414,444368788755,226701642
37475,R277ALUBATH2Z2TVKMBQKCD2GTO2PVLZP3PJPIPGD22HLVJWHK4VTTWAWQ,583357499,appl,NA,20000414,NA,583357499
38223,52GEOQP2PNYHZRNNAIAZ5GC5VKZDKKO6TDP4ZI2B4LGQKVZS2JIGTTJ7SQ,583357499,appl,NA,20000426,NA,583357499
38224,52GEOQP2PNYHZRNNAIAZ5GC5VKZDKKO6TDP4ZI2B4LGQKVZS2JIGTTJ7SQ,583357499,appl,NA,20000426,NA,583357499
38317,AQKAPBP7N3BKQDXAVRSMMG5DLFE3N6IS2BEOI5U3BDCCFOUGNFPUCYWQWM,583357499,appl,NA,20000428,NA,583357499
38318,AQKAPBP7N3BKQDXAVRSMMG5DLFE3N6IS2BEOI5U3BDCCFOUGNFPUCYWQWM,HEKOXJY6NXPXDINQSMGX7557YABE2MWFN66CIEG3ZKAUFGNP6JSPXG7VYE,axfer,NA,20000428,251927994190,226701642
38319,AQKAPBP7N3BKQDXAVRSMMG5DLFE3N6IS2BEOI5U3BDCCFOUGNFPUCYWQWM,583357499,appl,NA,20000428,NA,583357499
38547,SMH2F4YLQAQJGITOJM7CJT3VMXCUD3HJY5VPUGHTOA5WACBOUHUPOOIS54,583357499,appl,NA,20000432,NA,583357499
38548,SMH2F4YLQAQJGITOJM7CJT3VMXCUD3HJY5VPUGHTOA5WACBOUHUPOOIS54,583357499,appl,NA,20000432,NA,583357499
39694,NLVODUYDGE4DGPWWWXOC4374CJHO46IQJFW37VCGXA56QFIRA3KHLOKN4I,583357499,appl,NA,20000443,NA,583357499
39695,NLVODUYDGE4DGPWWWXOC4374CJHO46IQJFW37VCGXA56QFIRA3KHLOKN4I,HEKOXJY6NXPXDINQSMGX7557YABE2MWFN66CIEG3ZKAUFGNP6JSPXG7VYE,axfer,NA,20000443,14133365011535,226701642
39696,NLVODUYDGE4DGPWWWXOC4374CJHO46IQJFW37VCGXA56QFIRA3KHLOKN4I,583357499,appl,NA,20000443,NA,583357499
40303,TQVDXNDFJAWQ5FUDKSUP25J7UZDIFRUZUJDWTMNASL6EY4KZ37YQ5HAHM4,583357499,appl,NA,20000450,NA,583357499
40304,TQVDXNDFJAWQ5FUDKSUP25J7UZDIFRUZUJDWTMNASL6EY4KZ37YQ5HAHM4,HEKOXJY6NXPXDINQSMGX7557YABE2MWFN66CIEG3ZKAUFGNP6JSPXG7VYE,axfer,NA,20000450,1614577650877,226701642
40305,TQVDXNDFJAWQ5FUDKSUP25J7UZDIFRUZUJDWTMNASL6EY4KZ37YQ5HAHM4,583357499,appl,NA,20000450,NA,583357499
40859,6V6B37KBR5AYX4MOZWABFVICSIJWT2U2Q7WCIBPEEW5HZMPFIJMVW5PADY,583357499,appl,NA,20000457,NA,583357499
40860,6V6B37KBR5AYX4MOZWABFVICSIJWT2U2Q7WCIBPEEW5HZMPFIJMVW5PADY,HEKOXJY6NXPXDINQSMGX7557YABE2MWFN66CIEG3ZKAUFGNP6JSPXG7VYE,axfer,NA,20000457,146729374023,226701642
40861,6V6B37KBR5AYX4MOZWABFVICSIJWT2U2Q7WCIBPEEW5HZMPFIJMVW5PADY,583357499,appl,NA,20000457,NA,583357499
40925,ROSFNYCY6W6TATRFXQ4KWVTIBNYGNVEWUCJE7QBR3EAOWUOAAS4452TJOU,583357499,appl,NA,20000458,NA,583357499
40926,ROSFNYCY6W6TATRFXQ4KWVTIBNYGNVEWUCJE7QBR3EAOWUOAAS4452TJOU,HEKOXJY6NXPXDINQSMGX7557YABE2MWFN66CIEG3ZKAUFGNP6JSPXG7VYE,axfer,NA,20000458,158717345545,226701642
40927,ROSFNYCY6W6TATRFXQ4KWVTIBNYGNVEWUCJE7QBR3EAOWUOAAS4452TJOU,583357499,appl,NA,20000458,NA,583357499
41454,ZASH3O3IBABB47KDA7LOJOF5L5DCWNP3T5UCPAOTTTL57SFRTRAXCVT6O4,583357499,appl,NA,20000466,NA,583357499
41455,ZASH3O3IBABB47KDA7LOJOF5L5DCWNP3T5UCPAOTTTL57SFRTRAXCVT6O4,HEKOXJY6NXPXDINQSMGX7557YABE2MWFN66CIEG3ZKAUFGNP6JSPXG7VYE,axfer,NA,20000466,40000000000,226701642
41456,ZASH3O3IBABB47KDA7LOJOF5L5DCWNP3T5UCPAOTTTL57SFRTRAXCVT6O4,583357499,appl,NA,20000466,NA,583357499
41535,TIEHGAARTXWUKEPG37OLS7MAPVG4IM5ABNTXB7WMPS5XL4UDFXHGTGYLNA,583357499,appl,NA,20000466,NA,583357499
41536,TIEHGAARTXWUKEPG37OLS7MAPVG4IM5ABNTXB7WMPS5XL4UDFXHGTGYLNA,HEKOXJY6NXPXDINQSMGX7557YABE2MWFN66CIEG3ZKAUFGNP6JSPXG7VYE,axfer,NA,20000466,287986352521,226701642
41537,TIEHGAARTXWUKEPG37OLS7MAPVG4IM5ABNTXB7WMPS5XL4UDFXHGTGYLNA,583357499,appl,NA,20000466,NA,583357499
41890,SMH2F4YLQAQJGITOJM7CJT3VMXCUD3HJY5VPUGHTOA5WACBOUHUPOOIS54,583357499,appl,NA,20000471,NA,583357499
41891,SMH2F4YLQAQJGITOJM7CJT3VMXCUD3HJY5VPUGHTOA5WACBOUHUPOOIS54,583357499,appl,NA,20000471,NA,583357499
